[{"id":1,"courseId":1,"instructorId":1,"maxStudents":10,"name":"Math","numberPending":0,"numberRegistered":2,"numberFinalized":0,"numbeAllStudents":2},{"id":2,"courseId":2,"instructorId":2,"maxStudents":10,"name":"English","numberPending":0,"numberRegistered":1,"numberFinalized":0,"numbeAllStudents":1},{"id":3,"courseId":3,"instructorId":3,"maxStudents":10,"name":"Science","numberPending":0,"numberRegistered":0,"numberFinalized":0,"numbeAllStudents":0},{"id":4,"courseId":4,"instructorId":2,"maxStudents":10,"name":"History","numberPending":0,"numberRegistered":0,"numberFinalized":0,"numbeAllStudents":0},{"courseId":"6","instructorId":"1","maxStudents":"10","id":5}]